Workbook

Sheet بدور بغداد
B1: التــقـــريــر اليــومــي لصندوق مــشــروع بــــدور بــغــــداد
C3: اليوم
C4: التاريخ
C5: امين الصندوق
C6: منظم التقرير
C7: سعر الصرف لليوم
C8: الرصيد السابق - دينار | D8: 0
C9: الرصيد السابق - دولار | D9: 0
B15: ت | C15: صندوق - الدينار | E15: صندوق -الدولار | G15: تاريخ الحركة المصرفـية | H15: اسم الحساب المصرفي | I15: رقم الصك | J15: المستندات | M15: التفـاصــيـل
C16: مقبوضات | D16: مصروفات | E16: مقبوضات | F16: مصروفات
C17: =D8 -> 0 | E17: =D9 -> 0 | J17: سعرالصرف | K17: نوع المستند | L17: رقم المستند | M17: الرصيد المدور
B18: =ROW()-17 -> 1
B19: =ROW()-17 -> 2
B20: =ROW()-17 -> 3
B21: =ROW()-17 -> 4
B22: =ROW()-17 -> 5
B23: =ROW()-17 -> 6
B24: =ROW()-17 -> 7
B25: =ROW()-17 -> 8
B26: =ROW()-17 -> 9
B27: =ROW()-17 -> 10
B28: =ROW()-17 -> 11
B29: =ROW()-17 -> 12
C30: =SUM(C17:C29) -> 0 | D30: =SUM(D18:D29) -> 0 | E30: =SUM(E17:E29) -> 0 | F30: =SUM(F18:F29) -> 0 | G30: المجموع
C31: =C30-D30 -> 0 | E31: =E30-F30 -> 0 | G31: الرصيد
B33: الرصيد الحالي - دينار | D33: =C31 -> 0
B34: الرصيد الحالي - دولار | D34: =E31 -> 0
B36: ت | C36: تفاصيل | D36: العدد | E36: ملاحظات امين الصندوق
B37: 1 | C37: وصل قبض | D37: 0
B38: 2 | C38: قبض مصرفي | D38: 0
B39: 4 | C39: وصل صرف | D39: 0
B40: 5 | C40: صرف مصرفي | D40: 0
B41: 7 | C41: وصولات معلقة | D41: 0
B42: 8 | C42: وصولات بطالة | D42: 0
B43: اجمالي الوصولات | D43: =SUM(D37:D42) -> 0
M45: استلام قسم الحسابات

Sheet امانات مصرف MIB
B1: التــقـــريــر اليــومــي لصندوق امانات مصرف المستشار
C3: اليوم
C4: التاريخ
C5: امين الصندوق
C6: منظم التقرير
C7: سعر الصرف لليوم
C8: الرصيد السابق - دينار | D8: 0
C9: الرصيد السابق - دولار | D9: 0
B15: ت | C15: صندوق - الدينار | E15: صندوق -الدولار | G15: تاريخ الحركة المصرفـية | H15: اسم الحساب المصرفي | I15: رقم الصك | J15: المستندات | M15: التفـاصــيـل
C16: مقبوضات | D16: مصروفات | E16: مقبوضات | F16: مصروفات
C17: =D8 -> 0 | E17: =D9 -> 0 | J17: سعرالصرف | K17: نوع المستند | L17: رقم المستند | M17: الرصيد المدور
B18: =ROW()-17 -> 1
B19: =ROW()-17 -> 2
B20: =ROW()-17 -> 3
B21: =ROW()-17 -> 4
B22: =ROW()-17 -> 5
B23: =ROW()-17 -> 6
B24: =ROW()-17 -> 7
B25: =ROW()-17 -> 8
B26: =ROW()-17 -> 9
B27: =ROW()-17 -> 10
C28: =SUM(C17:C27) -> 0 | D28: =SUM(D18:D27) -> 0 | E28: =SUM(E17:E27) -> 0 | F28: =SUM(F18:F27) -> 0 | G28: المجموع
C29: =C28-D28 -> 0 | E29: =E28-F28 -> 0 | G29: الرصيد
B31: الرصيد الحالي - دينار | D31: =C29 -> 0
B32: الرصيد الحالي - دولار | D32: =E29 -> 0
B34: ت | C34: تفاصيل | D34: العدد | E34: ملاحظات امين الصندوق
B35: 1 | C35: وصل قبض | D35: 0
B36: 2 | C36: قبض مصرفي | D36: 0
B37: 4 | C37: وصل صرف | D37: 0
B38: 5 | C38: صرف مصرفي | D38: 0
B39: 7 | C39: وصولات معلقة | D39: 0
B40: 8 | C40: وصولات بطالة | D40: 0
B41: اجمالي الوصولات | D41: =SUM(D35:D40) -> 0
M43: استلام قسم الحسابات

Sheet مـــحــفــظـــة اســـتثـــمارية
B1: التــقـــريــر اليــومــي لصندوق المحفظة الاستثمارية
C3: اليوم
C4: التاريخ
C5: امين الصندوق
C6: منظم التقرير
C7: سعر الصرف لليوم
C8: الرصيد السابق - دينار | D8: 0
C9: الرصيد السابق - دولار | D9: 0
B15: ت | C15: صندوق - الدينار | E15: صندوق -الدولار | G15: تاريخ الحركة المصرفـية | H15: اسم الحساب المصرفي | I15: رقم الصك | J15: المستندات | M15: التفـاصــيـل
C16: مقبوضات | D16: مصروفات | E16: مقبوضات | F16: مصروفات
C17: =D8 -> 0 | E17: =D9 -> 0 | J17: سعرالصرف | K17: نوع المستند | L17: رقم المستند | M17: الرصيد المدور
B18: =ROW()-17 -> 1
B19: =ROW()-17 -> 2
B20: =ROW()-17 -> 3
B21: =ROW()-17 -> 4
B22: =ROW()-17 -> 5
B23: =ROW()-17 -> 6
B24: =ROW()-17 -> 7
B25: =ROW()-17 -> 8
B26: =ROW()-17 -> 9
B27: =ROW()-17 -> 10
C28: =SUM(C17:C27) -> 0 | D28: =SUM(D18:D27) -> 0 | E28: =SUM(E17:E27) -> 0 | F28: =SUM(F18:F27) -> 0 | G28: المجموع
C29: =C28-D28 -> 0 | E29: =E28-F28 -> 0 | G29: الرصيد
B31: الرصيد الحالي - دينار | D31: =C29 -> 0
B32: الرصيد الحالي - دولار | D32: =E29 -> 0
B34: ت | C34: تفاصيل | D34: العدد | E34: ملاحظات امين الصندوق
B35: 1 | C35: وصل قبض | D35: 0
B36: 2 | C36: قبض مصرفي | D36: 0
B37: 4 | C37: وصل صرف | D37: 0
B38: 5 | C38: صرف مصرفي | D38: 0
B39: 7 | C39: وصولات معلقة | D39: 0
B40: 8 | C40: وصولات بطالة | D40: 0
B41: اجمالي الوصولات | D41: =SUM(D35:D40) -> 0
M43: استلام قسم الحسابات

Sheet شركـــة الغـــديـــر
B1: التــقـــريــر اليــومــي لصندوق شركة الغدير العقارية
C3: اليوم
C4: التاريخ
C5: امين الصندوق
C6: منظم التقرير
C7: سعر الصرف لليوم
C8: الرصيد السابق - دينار | D8: 0
C9: الرصيد السابق - دولار | D9: 0
C10: الرصيد السابق - يورو | D10: 0
B15: ت | C15: صندوق - الدينار | E15: صندوق -الدولار | G15: تاريخ الحركة المصرفـية | H15: اسم الحساب المصرفي | I15: رقم الصك | J15: المستندات
C16: مقبوضات | D16: مصروفات | E16: مقبوضات | F16: مصروفات
C17: =D8 -> 0 | E17: =D9 -> 0 | J17: سعرالصرف | K17: نوع المستند | L17: رقم المستند | M17: الرصيد المدور
B18: =ROW()-17 -> 1
B19: =ROW()-17 -> 2
B20: =ROW()-17 -> 3
B21: =ROW()-17 -> 4
B22: =ROW()-17 -> 5
B23: =ROW()-17 -> 6
B24: =ROW()-17 -> 7
B25: =ROW()-17 -> 8
B26: =ROW()-17 -> 9
B27: =ROW()-17 -> 10
C28: =SUM(C17:C27) -> 0 | D28: =SUM(D18:D27) -> 0 | E28: =SUM(E17:E27) -> 0 | F28: =SUM(F18:F27) -> 0 | G28: المجموع
C29: =C28-D28 -> 0 | E29: =E28-F28 -> 0 | G29: الرصيد
B31: الرصيد الحالي - دينار | D31: =C29 -> 0
B32: الرصيد الحالي - دولار | D32: =E29 -> 0
B33: الرصيد الحالي - يورو | D33: =D10 -> 0
B35: ت | C35: تفاصيل | D35: العدد | E35: ملاحظات امين الصندوق
B36: 1 | C36: وصل قبض | D36: 0
B37: 2 | C37: قبض مصرفي | D37: 0
B38: 4 | C38: وصل صرف | D38: 0
B39: 5 | C39: صرف مصرفي | D39: 0
B40: 7 | C40: وصولات معلقة | D40: 0
B41: 8 | C41: وصولات بطالة | D41: 0
B42: اجمالي الوصولات | D42: =SUM(D36:D41) -> 0
M44: استلام قسم الحسابات

Sheet غدير كربلاء
B1: التــقـــريــر اليــومــي لصندوق غدير كربلاء السكني
C3: اليوم
C4: التاريخ
C5: امين الصندوق
C6: منظم التقرير
C7: سعر الصرف لليوم
C8: الرصيد السابق - دينار | D8: 0
C9: الرصيد السابق - دولار | D9: 0
B15: ت | C15: صندوق - الدينار | E15: صندوق -الدولار | G15: تاريخ الحركة المصرفـية | H15: اسم الحساب المصرفي | I15: رقم الصك | J15: المستندات | M15: التفـاصــيـل
C16: مقبوضات | D16: مصروفات | E16: مقبوضات | F16: مصروفات
C17: =D8 -> 0 | E17: =D9 -> 0 | J17: سعرالصرف | K17: نوع المستند | L17: رقم المستند | M17: الرصيد المدور
B18: =ROW()-17 -> 1
B19: =ROW()-17 -> 2
B20: =ROW()-17 -> 3
B21: =ROW()-17 -> 4
B22: =ROW()-17 -> 5
B23: =ROW()-17 -> 6
B24: =ROW()-17 -> 7
B25: =ROW()-17 -> 8
B26: =ROW()-17 -> 9
B27: =ROW()-17 -> 10
C28: =SUM(C17:C27) -> 0 | D28: =SUM(D18:D27) -> 0 | E28: =SUM(E17:E27) -> 0 | F28: =SUM(F18:F27) -> 0 | G28: المجموع
C29: =C28-D28 -> 0 | E29: =E28-F28 -> 0 | G29: الرصيد
B31: الرصيد الحالي - دينار | D31: =C29 -> 0
B32: الرصيد الحالي - دولار | D32: =E29 -> 0
B34: ت | C34: تفاصيل | D34: العدد | E34: ملاحظات امين الصندوق
B35: 1 | C35: وصل قبض | D35: 0
B36: 2 | C36: قبض مصرفي | D36: 0
B37: 4 | C37: وصل صرف | D37: 0
B38: 5 | C38: صرف مصرفي | D38: 0
B39: 7 | C39: وصولات معلقة | D39: 0
B40: 8 | C40: وصولات بطالة | D40: 0
B41: اجمالي الوصولات | D41: =SUM(D35:D40) -> 0

Sheet طيبة النجف
B1: التــقـــريــر اليــومــي لصندوق طيبة النجف السكني
C3: اليوم
C4: التاريخ
C5: امين الصندوق
C6: منظم التقرير
C7: سعر الصرف لليوم
C8: الرصيد السابق - دينار | D8: 0
C9: الرصيد السابق - دولار | D9: 0
B15: ت | C15: صندوق - الدينار | E15: صندوق -الدولار | G15: تاريخ الحركة المصرفـية | H15: اسم الحساب المصرفي | I15: رقم الصك | J15: المستندات | M15: التفـاصــيـل
C16: مقبوضات | D16: مصروفات | E16: مقبوضات | F16: مصروفات
C17: =D8 -> 0 | E17: =D9 -> 0 | J17: سعرالصرف | K17: نوع المستند | L17: رقم المستند | M17: الرصيد المدور
B18: =ROW()-17 -> 1
B19: =ROW()-17 -> 2
B20: =ROW()-17 -> 3
B21: =ROW()-17 -> 4
B22: =ROW()-17 -> 5
B23: =ROW()-17 -> 6
B24: =ROW()-17 -> 7
B25: =ROW()-17 -> 8
B26: =ROW()-17 -> 9
B27: =ROW()-17 -> 10
C28: =SUM(C17:C27) -> 0 | D28: =SUM(D18:D27) -> 0 | E28: =SUM(E17:E27) -> 0 | F28: =SUM(F18:F27) -> 0 | G28: المجموع
C29: =C28-D28 -> 0 | E29: =E28-F28 -> 0 | G29: الرصيد
B31: الرصيد الحالي - دينار | D31: =C29 -> 0
B32: الرصيد الحالي - دولار | D32: =E29 -> 0
B34: ت | C34: تفاصيل | D34: العدد | E34: ملاحظات امين الصندوق
B35: 1 | C35: وصل قبض | D35: 0
B36: 2 | C36: قبض مصرفي | D36: 0
B37: 4 | C37: وصل صرف | D37: 0
B38: 5 | C38: صرف مصرفي | D38: 0
B39: 7 | C39: وصولات معلقة | D39: 0
B40: 8 | C40: وصولات بطالة | D40: 0
B41: اجمالي الوصولات | D41: =SUM(D35:D40) -> 0

Sheet الارصـــــــــــــدة
C2: أرصدة الصناديق اليومية
C4: الصندوق | D4: دينار | E4: دولار | F4: يورو
C5: بدور بغداد | D5: ='بدور بغداد'!D33 | E5: ='بدور بغداد'!D34
C6: شركة الغدير | D6: ='شركـــة الغـــديـــر'!D31 | E6: ='شركـــة الغـــديـــر'!D32 | F6: ='شركـــة الغـــديـــر'!D33
C7: غدير كربلاء | D7: ='غدير كربلاء'!D31 | E7: ='غدير كربلاء'!D32
C8: طيبة النجف | D8: ='طيبة النجف'!D31 | E8: ='طيبة النجف'!D32
C9: امانات مصرف MIB | D9: ='امانات مصرف MIB'!D31 | E9: ='امانات مصرف MIB'!D32
C10: صندوق - محفظة استثمارية | D10: ='مـــحــفــظـــة اســـتثـــمارية'!D31 | E10: ='مـــحــفــظـــة اســـتثـــمارية'!D32
C12: اجمالي رصيد الصناديق
C13: الدينار | D13: =SUM(D5:D10)
C14: الدولار | D14: =SUM(E5:E10)
C15: اليورو | D15: =SUM(F5:F10)
C27: اجمالي الرصيد مع حركات القبض والصرف بعد غلق الصندوق
C28: الدينار | D28: =D13
C29: الدولار | D29: =D14
C30: اليورو | D30: =D15
